eid,name,dept
198,Donald,50
199,Douglas,50
200,Jennifer,50
201,Michael,50
202,Pat,50
203,Susan,50
204,Hermann,50
205,Shelley,50
206,William,50
100,Steven,50
101,Neena,50
102,Lex,50
103,Alexander,50
104,Bruce,50
105,David,50
106,Valli,50
107,Diana,50
108,Nancy,100
109,Daniel,100
110,John,100
111,Ismael,100
112,Jose Manuel,100
113,Luis,100
114,Den,30
115,Alexander,30
116,Shelli,30
117,Sigal,30
118,Guy,30
119,Karen,30
120,Matthew,50
121,Adam,50
122,Payam,50
123,Shanta,50
124,Kevin,50
125,Julia,50
126,Irene,50
127,James,50
128,Steven,50
129,Laura,50
130,Mozhe,50
131,James,50
132,TJ,50
133,Jason,50
134,Michael,50
135,Ki,50
136,Hazel,50
137,Renske,50
138,Stephen,50
139,John,50
140,Joshua,50
